id,title,category,price,oldPrice,badge,image,short,featured
yt-gaming-thumbnail-pack,Gaming Thumbnail Pack — 25 High-CTR Designs,Thumbnails,1200,1800,Bestseller,assets/img/products/yt-gaming-thumbnail-pack.jpg,25 bold gaming thumbnails built to win the click — fully layered.,yes
yt-vlog-thumbnail-pack,Vlog Thumbnail Pack — 20 Travel & Lifestyle Designs,Thumbnails,1000,,New,assets/img/products/yt-vlog-thumbnail-pack.jpg,"20 bright, friendly thumbnails for travel, daily-life and lifestyle channels.",no
yt-tech-thumbnail-pack,Tech Review Thumbnail Pack — 20 Designs,Thumbnails,1000,1400,,assets/img/products/yt-tech-thumbnail-pack.jpg,"20 sharp tech thumbnails for reviews, unboxings and comparisons.",no
yt-finance-thumbnail-pack,Finance & Crypto Thumbnail Pack — 20 Designs,Thumbnails,1100,,,assets/img/products/yt-finance-thumbnail-pack.jpg,"20 high-trust thumbnails for finance, investing and crypto channels.",no
yt-fitness-thumbnail-pack,Fitness Thumbnail Pack — 15 Bold Designs,Thumbnails,900,1200,Hot,assets/img/products/yt-fitness-thumbnail-pack.jpg,"15 high-energy thumbnails for workout, gym and transformation videos.",no
yt-food-thumbnail-pack,Food & Recipe Thumbnail Pack — 15 Designs,Thumbnails,900,,,assets/img/products/yt-food-thumbnail-pack.jpg,"15 mouth-watering thumbnails for recipes, food reviews and cooking shows.",no
instagram-post-pack,Instagram Post Pack — 50 Templates,Social Media,900,,,assets/img/products/instagram-post-pack.jpg,50 scroll-stopping Instagram posts & stories for brands and creators.,yes
instagram-story-pack,Instagram Story Pack — 40 Templates,Social Media,800,1100,New,assets/img/products/instagram-story-pack.jpg,"40 polished story templates for sales, announcements and daily engagement.",no
youtube-banner-kit,YouTube Channel Art Kit — 10 Banners,Social Media,700,,,assets/img/products/youtube-banner-kit.jpg,10 professional channel banners with safe-area guides built in.,no
facebook-cover-pack,Facebook Cover & Post Pack — 25 Designs,Social Media,750,1000,,assets/img/products/facebook-cover-pack.jpg,25 covers and matching post templates for pages and groups.,no
tiktok-cover-pack,TikTok Cover Pack — 30 Viral-Style Designs,Social Media,850,,Hot,assets/img/products/tiktok-cover-pack.jpg,30 thumb-stopping TikTok covers designed for the For You page.,yes
pinterest-pin-pack,Pinterest Pin Pack — 40 Clickable Designs,Social Media,800,,,assets/img/products/pinterest-pin-pack.jpg,"40 tall pins engineered for clicks, saves and blog traffic.",no
business-flyer-bundle,Business Flyer Bundle — 12 Corporate Designs,Print Flyers,800,1200,,assets/img/products/business-flyer-bundle.jpg,"12 modern corporate flyers for agencies, services and startups.",no
real-estate-flyer-pack,Real Estate Flyer Pack — 10 Property Designs,Print Flyers,700,1000,,assets/img/products/real-estate-flyer-pack.jpg,"10 property flyers with photo frames, price badges & agent sections.",no
restaurant-menu-pack,Restaurant Menu Template — Fine Dining,Print Flyers,1000,,,assets/img/products/restaurant-menu-pack.jpg,"Elegant tri-fold menu for restaurants, cafes and bakeries.",no
gym-fitness-flyer-pack,Gym & Fitness Flyer Pack — 12 Designs,Print Flyers,750,,New,assets/img/products/gym-fitness-flyer-pack.jpg,"12 powerful gym flyers for memberships, trainers and class promos.",no
grand-sale-flyer-pack,Grand Sale Flyer Pack — 15 Promo Designs,Print Flyers,850,1200,Hot,assets/img/products/grand-sale-flyer-pack.jpg,"15 loud, unmissable sale flyers for discounts, clearance & festive offers.",no
corporate-brochure-pack,Corporate Brochure Pack — 8 Tri-Fold Designs,Print Flyers,1400,,,assets/img/products/corporate-brochure-pack.jpg,"8 premium tri-fold brochures for companies, schools and services.",no
logo-mockup-bundle,Logo Mockup Bundle — 25 Premium Mockups,Branding,1500,2200,,assets/img/products/logo-mockup-bundle.jpg,"25 photorealistic logo mockups — cards, signage, stationery & more.",no
business-card-pack,Business Card Pack — 20 Modern Designs,Branding,600,900,,assets/img/products/business-card-pack.jpg,20 sleek business cards with matching back designs — print-ready.,no
letterhead-invoice-pack,Letterhead & Invoice Pack — 15 Stationery Designs,Branding,700,,,assets/img/products/letterhead-invoice-pack.jpg,"15 matching letterheads, invoices and envelopes for a complete stationery set.",no
brand-identity-kit,"Complete Brand Identity Kit — Logo, Cards & Social",Branding,2500,3500,Bestseller,assets/img/products/brand-identity-kit.jpg,"Everything a new business needs: logo system, stationery and social kit in one.",yes
social-branding-kit,Social Media Branding Kit — 60 Coordinated Templates,Branding,1800,,New,assets/img/products/social-branding-kit.jpg,"60 coordinated posts, stories and covers — one brand voice everywhere.",no
wedding-album-pack,Wedding Album Template — Luxury Layouts,Events,2500,,,assets/img/products/wedding-album-pack.jpg,Elegant wedding album spreads with gold accents — print-ready layouts.,yes
eid-poster-pack,Eid Festival Poster Pack — 15 Designs,Events,500,,New,assets/img/products/eid-poster-pack.jpg,"15 festive Eid posters — crescent, mosque & lantern themes.",yes
birthday-party-pack,Birthday Party Pack — 20 Invites & Banners,Events,650,900,,assets/img/products/birthday-party-pack.jpg,"20 cheerful birthday designs — invitations, banners and cake-topper cards.",no
corporate-event-pack,Corporate Event Pack — 18 Banners & Backdrops,Events,1600,,New,assets/img/products/corporate-event-pack.jpg,"18 premium event designs — stage backdrops, standees and invite cards.",no